Dataset,Méthode,F1_train,F1_test,Train_Coverage,Train_Exactitude,Test_Coverage,Test_Exactitude,Conflit,Non_couverts,F1_rmaj,F1_rr,Complexité
KDD99,BRCG,0.9731298392487567,0.9732459302318811,100.0,0.9732,100.0,0.9733145585053405,0.0,0.0,0.9732459302318811,0.9732459302318811,1
KDD99,RIPPER,0.9985143514037139,0.9980077377554933,100.0,0.9985146134560566,100.0,0.9980080365422261,0.0,0.0,0.9980077377554933,0.9980077377554933,47
BIG15,BRCG,0.9816739453204244,0.9820196605288699,100.0,0.98162,100.0,0.9819630568634553,0.0,0.0,0.9820196605288699,0.9820196605288699,1
BIG15,RIPPER,0.9842113518540093,0.9840337231688383,100.0,0.9842081910953756,100.0,0.9840275262586019,0.0,0.0,0.9840337231688383,0.9840337231688383,32
DoH20,BRCG,0.961296348904911,0.9614308333870102,100.0,0.96547,100.0,0.9656263376323675,0.0,0.0,0.9614308333870102,0.9614308333870102,1
DoH20,RIPPER,0.9429727743785998,0.9433523244371401,100.0,0.9337731705501378,100.0,0.9341186980068115,0.0,0.0,0.9433523244371401,0.9433523244371401,48
UNSW-NB15,BRCG,0.8160466781001257,0.7676277341007296,100.0,0.8160496526259534,100.0,0.7727684911116054,0.0,0.0,0.7676277341007296,0.7676277341007296,1
UNSW-NB15,RIPPER,0.9189045017012023,0.7289087266018984,100.0,0.9187436233785162,100.0,0.722095801894594,0.0,0.0,0.7289087266018984,0.7289087266018984,43
CIC2017,BRCG,0.9146417251331284,0.9157656281536952,100.0,0.92311,100.0,0.924086966174535,0.0,0.0,0.9157656281536952,0.9157656281536952,1
CIC2017,RIPPER,0.9965863831340708,0.9965297290073691,100.0,0.9965954435438311,100.0,0.996538955581281,0.0,0.0,0.9965297290073691,0.9965297290073691,42
KDD99,CMR,1.0,1.0,70.0,1.0,69.8,0.998,0.1,30.0,0.692,0.998,1
CIC2017,CMR,1.0,1.0,93.48,1.0,92.6,0.992,0.7,6.68,0.9279,0.992,1
DoH20,CMR,1.0,1.0,100.0,1.0,98.9,0.999,1.1,0.0,0.989,0.999,1
BIG15,CMR,1.0,0.99,95.3,1.0,93.7,0.989,0.7,5.62,0.948,0.988,1
UNSW-NB15,CMR,1.0,0.85,67.7,1.0,99.7,0.92,0.0,0.28,0.918,0.917,1
