Dataset,Méthode,F1_train,F1_test,Train_Coverage,Train_Exactitude,Test_Coverage,Test_Exactitude,Conflit,Non_couverts,F1_rmaj,F1_rr,Nb_règles,Nb_conditions,Complexité,Temps,RAM_MB,Iteration
KDD99,BRCG,0.9728405166005248,0.9730015191604033,NaN,0.9729110141841536,NaN,0.9730741491225058,NaN,NaN,NaN,0.9730015191604033,5,5,1.0,3.172868251800537,0.0859375,1
KDD99,RIPPER,0.9983769382692911,0.9979391320172465,NaN,0.9983772366658653,NaN,0.9979393481471306,NaN,NaN,NaN,0.9979391320172465,37,144,3.891891891891892,1.7892181873321533,0.0234375,1
KDD99,CMR,0.9999914139664886,0.9981,70.05,1.0,69.84,1.0,0.0,30.16,0.6918,0.9981,5889,5889,1.0,3.376997709274292,0.125,1
KDD99,BRCG,0.9728405166005248,0.9730015191604033,NaN,0.9729110141841536,NaN,0.9730741491225058,NaN,NaN,NaN,0.9730015191604033,5,5,1.0,2.50473952293396,0.0,2
KDD99,RIPPER,0.9983769382692911,0.9979391320172465,NaN,0.9983772366658653,NaN,0.9979393481471306,NaN,NaN,NaN,0.9979391320172465,37,144,3.891891891891892,1.4232053756713867,8.99609375,2
KDD99,CMR,0.9999914139664886,0.9981,70.05,1.0,69.84,1.0,0.0,30.16,0.6918,0.9981,5889,5889,1.0,1.4199843406677246,0.31640625,2
KDD99,BRCG,0.9728405166005248,0.9730015191604033,NaN,0.9729110141841536,NaN,0.9730741491225058,NaN,NaN,NaN,0.9730015191604033,5,5,1.0,2.4690709114074707,21.8671875,3
KDD99,RIPPER,0.9983769382692911,0.9979391320172465,NaN,0.9983772366658653,NaN,0.9979393481471306,NaN,NaN,NaN,0.9979391320172465,37,144,3.891891891891892,1.3913989067077637,0.04296875,3
KDD99,CMR,0.9999914139664886,0.9981,70.05,1.0,69.84,1.0,0.0,30.16,0.6918,0.9981,5889,5889,1.0,1.340184211730957,0.04296875,3
KDD99,BRCG,0.9728405166005248,0.9730015191604033,NaN,0.9729110141841536,NaN,0.9730741491225058,NaN,NaN,NaN,0.9730015191604033,5,5,1.0,2.5123651027679443,0.11328125,4
KDD99,RIPPER,0.9983769382692911,0.9979391320172465,NaN,0.9983772366658653,NaN,0.9979393481471306,NaN,NaN,NaN,0.9979391320172465,37,144,3.891891891891892,1.3712568283081055,0.02734375,4
KDD99,CMR,0.9999914139664886,0.9981,70.05,1.0,69.84,1.0,0.0,30.16,0.6918,0.9981,5889,5889,1.0,1.3801722526550293,0.0703125,4
KDD99,BRCG,0.9728405166005248,0.9730015191604033,NaN,0.9729110141841536,NaN,0.9730741491225058,NaN,NaN,NaN,0.9730015191604033,5,5,1.0,2.821148633956909,0.1015625,5
KDD99,RIPPER,0.9983769382692911,0.9979391320172465,NaN,0.9983772366658653,NaN,0.9979393481471306,NaN,NaN,NaN,0.9979391320172465,37,144,3.891891891891892,1.3482325077056885,0.06640625,5
KDD99,CMR,0.9999914139664886,0.9981,70.05,1.0,69.84,1.0,0.0,30.16,0.6918,0.9981,5889,5889,1.0,1.3618524074554443,0.29296875,5
KDD99,BRCG,0.9728405166005248,0.9730015191604033,NaN,0.9729110141841536,NaN,0.9730741491225058,NaN,NaN,NaN,0.9730015191604033,5,5,1.0,2.6978657245635986,0.0,6
KDD99,RIPPER,0.9983769382692911,0.9979391320172465,NaN,0.9983772366658653,NaN,0.9979393481471306,NaN,NaN,NaN,0.9979391320172465,37,144,3.891891891891892,1.3573484420776367,0.00390625,6
KDD99,CMR,0.9999914139664886,0.9981,70.05,1.0,69.84,1.0,0.0,30.16,0.6918,0.9981,5889,5889,1.0,1.419379472732544,1.5,6
KDD99,BRCG,0.9728405166005248,0.9730015191604033,NaN,0.9729110141841536,NaN,0.9730741491225058,NaN,NaN,NaN,0.9730015191604033,5,5,1.0,2.7390425205230713,23.640625,7
KDD99,RIPPER,0.9983769382692911,0.9979391320172465,NaN,0.9983772366658653,NaN,0.9979393481471306,NaN,NaN,NaN,0.9979391320172465,37,144,3.891891891891892,1.4272403717041016,0.00390625,7
KDD99,CMR,0.9999914139664886,0.9981,70.05,1.0,69.84,1.0,0.0,30.16,0.6918,0.9981,5889,5889,1.0,1.7086975574493408,0.046875,7
KDD99,BRCG,0.9728405166005248,0.9730015191604033,NaN,0.9729110141841536,NaN,0.9730741491225058,NaN,NaN,NaN,0.9730015191604033,5,5,1.0,2.9583892822265625,0.1640625,8
KDD99,RIPPER,0.9983769382692911,0.9979391320172465,NaN,0.9983772366658653,NaN,0.9979393481471306,NaN,NaN,NaN,0.9979391320172465,37,144,3.891891891891892,1.357391357421875,0.05078125,8
KDD99,CMR,0.9999914139664886,0.9981,70.05,1.0,69.84,1.0,0.0,30.16,0.6918,0.9981,5889,5889,1.0,1.438640832901001,0.1328125,8
KDD99,BRCG,0.9728405166005248,0.9730015191604033,NaN,0.9729110141841536,NaN,0.9730741491225058,NaN,NaN,NaN,0.9730015191604033,5,5,1.0,3.4582927227020264,0.0546875,9
KDD99,RIPPER,0.9983769382692911,0.9979391320172465,NaN,0.9983772366658653,NaN,0.9979393481471306,NaN,NaN,NaN,0.9979391320172465,37,144,3.891891891891892,1.387038230895996,0.0,9
KDD99,CMR,0.9999914139664886,0.9981,70.05,1.0,69.84,1.0,0.0,30.16,0.6918,0.9981,5889,5889,1.0,2.0708048343658447,0.046875,9
KDD99,BRCG,0.9728405166005248,0.9730015191604033,NaN,0.9729110141841536,NaN,0.9730741491225058,NaN,NaN,NaN,0.9730015191604033,5,5,1.0,2.7387373447418213,22.71875,10
KDD99,RIPPER,0.9983769382692911,0.9979391320172465,NaN,0.9983772366658653,NaN,0.9979393481471306,NaN,NaN,NaN,0.9979391320172465,37,144,3.891891891891892,1.3902795314788818,0.0078125,10
KDD99,CMR,0.9999914139664886,0.9981,70.05,1.0,69.84,1.0,0.0,30.16,0.6918,0.9981,5889,5889,1.0,2.7444798946380615,0.0390625,10
BIG15,BRCG,0.9817893998199688,0.9753953519014997,NaN,0.9817361934858788,NaN,0.9754074610648316,NaN,NaN,NaN,0.9753953519014997,3,3,1.0,16.05392622947693,0.0,1
BIG15,RIPPER,0.9846812326604122,0.9845329229713252,NaN,0.9846518829740033,NaN,0.9844983701557407,NaN,NaN,NaN,0.9845329229713252,25,90,3.6,2.3029420375823975,0.0546875,1
BIG15,CMR,0.9995835092069051,0.9867,95.41,1.0,94.45,0.99,0.0,5.55,0.9491,0.9867,29262,29262,1.0,7.125513315200806,0.1484375,1
BIG15,BRCG,0.9817893998199688,0.9753953519014997,NaN,0.9817361934858788,NaN,0.9754074610648316,NaN,NaN,NaN,0.9753953519014997,3,3,1.0,16.48009729385376,0.21484375,2
BIG15,RIPPER,0.9846812326604122,0.9845329229713252,NaN,0.9846518829740033,NaN,0.9844983701557407,NaN,NaN,NaN,0.9845329229713252,25,90,3.6,3.028167963027954,0.015625,2
BIG15,CMR,0.9995835092069051,0.9867,95.41,1.0,94.45,0.99,0.0,5.55,0.9491,0.9867,29262,29262,1.0,6.666323661804199,0.046875,2
BIG15,BRCG,0.9817893998199688,0.9753953519014997,NaN,0.9817361934858788,NaN,0.9754074610648316,NaN,NaN,NaN,0.9753953519014997,3,3,1.0,15.982075452804565,0.2734375,3
BIG15,RIPPER,0.9846812326604122,0.9845329229713252,NaN,0.9846518829740033,NaN,0.9844983701557407,NaN,NaN,NaN,0.9845329229713252,25,90,3.6,1.9863471984863281,0.09765625,3
BIG15,CMR,0.9995835092069051,0.9867,95.41,1.0,94.45,0.99,0.0,5.55,0.9491,0.9867,29262,29262,1.0,6.381347894668579,0.05078125,3
BIG15,BRCG,0.9817893998199688,0.9753953519014997,NaN,0.9817361934858788,NaN,0.9754074610648316,NaN,NaN,NaN,0.9753953519014997,3,3,1.0,15.63680386543274,0.21484375,4
BIG15,RIPPER,0.9846812326604122,0.9845329229713252,NaN,0.9846518829740033,NaN,0.9844983701557407,NaN,NaN,NaN,0.9845329229713252,25,90,3.6,2.202728271484375,0.0390625,4
BIG15,CMR,0.9995835092069051,0.9867,95.41,1.0,94.45,0.99,0.0,5.55,0.9491,0.9867,29262,29262,1.0,7.604084253311157,0.078125,4
BIG15,BRCG,0.9817893998199688,0.9753953519014997,NaN,0.9817361934858788,NaN,0.9754074610648316,NaN,NaN,NaN,0.9753953519014997,3,3,1.0,15.238539218902588,0.3203125,5
BIG15,RIPPER,0.9846812326604122,0.9845329229713252,NaN,0.9846518829740033,NaN,0.9844983701557407,NaN,NaN,NaN,0.9845329229713252,25,90,3.6,2.7545320987701416,0.03515625,5
BIG15,CMR,0.9995835092069051,0.9867,95.41,1.0,94.45,0.99,0.0,5.55,0.9491,0.9867,29262,29262,1.0,5.9236838817596436,0.35546875,5
BIG15,BRCG,0.9817893998199688,0.9753953519014997,NaN,0.9817361934858788,NaN,0.9754074610648316,NaN,NaN,NaN,0.9753953519014997,3,3,1.0,15.210767984390259,17.68359375,6
BIG15,RIPPER,0.9846812326604122,0.9845329229713252,NaN,0.9846518829740033,NaN,0.9844983701557407,NaN,NaN,NaN,0.9845329229713252,25,90,3.6,1.9042420387268066,0.00390625,6
BIG15,CMR,0.9995835092069051,0.9867,95.41,1.0,94.45,0.99,0.0,5.55,0.9491,0.9867,29262,29262,1.0,5.961376667022705,0.0390625,6
BIG15,BRCG,0.9817893998199688,0.9753953519014997,NaN,0.9817361934858788,NaN,0.9754074610648316,NaN,NaN,NaN,0.9753953519014997,3,3,1.0,15.496719121932983,0.0,7
BIG15,RIPPER,0.9846812326604122,0.9845329229713252,NaN,0.9846518829740033,NaN,0.9844983701557407,NaN,NaN,NaN,0.9845329229713252,25,90,3.6,2.005173444747925,0.01171875,7
BIG15,CMR,0.9995835092069051,0.9867,95.41,1.0,94.45,0.99,0.0,5.55,0.9491,0.9867,29262,29262,1.0,6.748910427093506,0.1640625,7
BIG15,BRCG,0.9817893998199688,0.9753953519014997,NaN,0.9817361934858788,NaN,0.9754074610648316,NaN,NaN,NaN,0.9753953519014997,3,3,1.0,14.98819875717163,0.0,8
BIG15,RIPPER,0.9846812326604122,0.9845329229713252,NaN,0.9846518829740033,NaN,0.9844983701557407,NaN,NaN,NaN,0.9845329229713252,25,90,3.6,1.9141743183135986,0.0546875,8
BIG15,CMR,0.9995835092069051,0.9867,95.41,1.0,94.45,0.99,0.0,5.55,0.9491,0.9867,29262,29262,1.0,6.771090984344482,0.046875,8
BIG15,BRCG,0.9817893998199688,0.9753953519014997,NaN,0.9817361934858788,NaN,0.9754074610648316,NaN,NaN,NaN,0.9753953519014997,3,3,1.0,15.314237356185913,0.3203125,9
BIG15,RIPPER,0.9846812326604122,0.9845329229713252,NaN,0.9846518829740033,NaN,0.9844983701557407,NaN,NaN,NaN,0.9845329229713252,25,90,3.6,2.1294405460357666,0.01171875,9
BIG15,CMR,0.9995835092069051,0.9867,95.41,1.0,94.45,0.99,0.0,5.55,0.9491,0.9867,29262,29262,1.0,6.0680272579193115,0.046875,9
BIG15,BRCG,0.9817893998199688,0.9753953519014997,NaN,0.9817361934858788,NaN,0.9754074610648316,NaN,NaN,NaN,0.9753953519014997,3,3,1.0,15.199881076812744,0.34765625,10
BIG15,RIPPER,0.9846812326604122,0.9845329229713252,NaN,0.9846518829740033,NaN,0.9844983701557407,NaN,NaN,NaN,0.9845329229713252,25,90,3.6,2.617830276489258,0.01171875,10
BIG15,CMR,0.9995835092069051,0.9867,95.41,1.0,94.45,0.99,0.0,5.55,0.9491,0.9867,29262,29262,1.0,5.99622917175293,0.0390625,10
UNSW-NB15,BRCG,0.8160466781001257,0.7671332513822438,NaN,0.8160496526259534,NaN,0.7722152833621344,NaN,NaN,NaN,0.7671332513822438,3,3,1.0,55.34126091003418,0.04296875,1
UNSW-NB15,RIPPER,0.9102854718390798,0.8258736798071751,NaN,0.9101564397804013,NaN,0.819791149816643,NaN,NaN,NaN,0.8258736798071751,42,213,5.071428571428571,8.439048528671265,22.59765625,1
UNSW-NB15,CMR,0.989291805851164,0.9172,67.67,1.0,99.77,0.92,0.0,0.23,0.9175,0.9172,9591,9591,1.0,3.615931510925293,1.37890625,1
UNSW-NB15,BRCG,0.8160466781001257,0.7671332513822438,NaN,0.8160496526259534,NaN,0.7722152833621344,NaN,NaN,NaN,0.7671332513822438,3,3,1.0,74.13560605049133,0.109375,2
UNSW-NB15,RIPPER,0.9102854718390798,0.8258736798071751,NaN,0.9101564397804013,NaN,0.819791149816643,NaN,NaN,NaN,0.8258736798071751,42,213,5.071428571428571,9.872024536132812,0.0,2
UNSW-NB15,CMR,0.989291805851164,0.9172,67.67,1.0,99.77,0.92,0.0,0.23,0.9175,0.9172,9591,9591,1.0,5.669990301132202,0.0390625,2
UNSW-NB15,BRCG,0.8160466781001257,0.7671332513822438,NaN,0.8160496526259534,NaN,0.7722152833621344,NaN,NaN,NaN,0.7671332513822438,3,3,1.0,68.01496195793152,0.13671875,3
UNSW-NB15,RIPPER,0.9102854718390798,0.8258736798071751,NaN,0.9101564397804013,NaN,0.819791149816643,NaN,NaN,NaN,0.8258736798071751,42,213,5.071428571428571,10.140273571014404,23.94921875,3
UNSW-NB15,CMR,0.989291805851164,0.9172,67.67,1.0,99.77,0.92,0.0,0.23,0.9175,0.9172,9591,9591,1.0,4.85050892829895,0.04296875,3
UNSW-NB15,BRCG,0.8160466781001257,0.7671332513822438,NaN,0.8160496526259534,NaN,0.7722152833621344,NaN,NaN,NaN,0.7671332513822438,3,3,1.0,72.36477375030518,0.0859375,4
UNSW-NB15,RIPPER,0.9102854718390798,0.8258736798071751,NaN,0.9101564397804013,NaN,0.819791149816643,NaN,NaN,NaN,0.8258736798071751,42,213,5.071428571428571,12.891029357910156,0.0,4
UNSW-NB15,CMR,0.989291805851164,0.9172,67.67,1.0,99.77,0.92,0.0,0.23,0.9175,0.9172,9591,9591,1.0,6.57611608505249,0.0390625,4
UNSW-NB15,BRCG,0.8160466781001257,0.7671332513822438,NaN,0.8160496526259534,NaN,0.7722152833621344,NaN,NaN,NaN,0.7671332513822438,3,3,1.0,76.73076128959656,0.078125,5
UNSW-NB15,RIPPER,0.9102854718390798,0.8258736798071751,NaN,0.9101564397804013,NaN,0.819791149816643,NaN,NaN,NaN,0.8258736798071751,42,213,5.071428571428571,9.51622724533081,1.38671875,5
UNSW-NB15,CMR,0.989291805851164,0.9172,67.67,1.0,99.77,0.92,0.0,0.23,0.9175,0.9172,9591,9591,1.0,4.2999351024627686,0.0390625,5
UNSW-NB15,BRCG,0.8160466781001257,0.7671332513822438,NaN,0.8160496526259534,NaN,0.7722152833621344,NaN,NaN,NaN,0.7671332513822438,3,3,1.0,70.86255931854248,0.0,6
UNSW-NB15,RIPPER,0.9102854718390798,0.8258736798071751,NaN,0.9101564397804013,NaN,0.819791149816643,NaN,NaN,NaN,0.8258736798071751,42,213,5.071428571428571,9.98681354522705,24.40234375,6
UNSW-NB15,CMR,0.989291805851164,0.9172,67.67,1.0,99.77,0.92,0.0,0.23,0.9175,0.9172,9591,9591,1.0,3.9061849117279053,0.04296875,6
UNSW-NB15,BRCG,0.8160466781001257,0.7671332513822438,NaN,0.8160496526259534,NaN,0.7722152833621344,NaN,NaN,NaN,0.7671332513822438,3,3,1.0,58.109949588775635,0.14453125,7
UNSW-NB15,RIPPER,0.9102854718390798,0.8258736798071751,NaN,0.9101564397804013,NaN,0.819791149816643,NaN,NaN,NaN,0.8258736798071751,42,213,5.071428571428571,11.962022542953491,0.0,7
UNSW-NB15,CMR,0.989291805851164,0.9172,67.67,1.0,99.77,0.92,0.0,0.23,0.9175,0.9172,9591,9591,1.0,3.724095582962036,0.05859375,7
UNSW-NB15,BRCG,0.8160466781001257,0.7671332513822438,NaN,0.8160496526259534,NaN,0.7722152833621344,NaN,NaN,NaN,0.7671332513822438,3,3,1.0,57.23957300186157,0.08203125,8
UNSW-NB15,RIPPER,0.9102854718390798,0.8258736798071751,NaN,0.9101564397804013,NaN,0.819791149816643,NaN,NaN,NaN,0.8258736798071751,42,213,5.071428571428571,8.625501155853271,1.48828125,8
UNSW-NB15,CMR,0.989291805851164,0.9172,67.67,1.0,99.77,0.92,0.0,0.23,0.9175,0.9172,9591,9591,1.0,3.643075942993164,0.04296875,8
UNSW-NB15,BRCG,0.8160466781001257,0.7671332513822438,NaN,0.8160496526259534,NaN,0.7722152833621344,NaN,NaN,NaN,0.7671332513822438,3,3,1.0,57.280192375183105,2.51171875,9
UNSW-NB15,RIPPER,0.9102854718390798,0.8258736798071751,NaN,0.9101564397804013,NaN,0.819791149816643,NaN,NaN,NaN,0.8258736798071751,42,213,5.071428571428571,9.089848041534424,28.1953125,9
UNSW-NB15,CMR,0.989291805851164,0.9172,67.67,1.0,99.77,0.92,0.0,0.23,0.9175,0.9172,9591,9591,1.0,5.2105255126953125,0.17578125,9
UNSW-NB15,BRCG,0.8160466781001257,0.7671332513822438,NaN,0.8160496526259534,NaN,0.7722152833621344,NaN,NaN,NaN,0.7671332513822438,3,3,1.0,58.93782639503479,0.07421875,10
UNSW-NB15,RIPPER,0.9102854718390798,0.8258736798071751,NaN,0.9101564397804013,NaN,0.819791149816643,NaN,NaN,NaN,0.8258736798071751,42,213,5.071428571428571,9.402422189712524,28.45703125,10
UNSW-NB15,CMR,0.989291805851164,0.9172,67.67,1.0,99.77,0.92,0.0,0.23,0.9175,0.9172,9591,9591,1.0,3.4569101333618164,0.0625,10
DoH20,BRCG,0.960501527394116,0.4615198315635079,NaN,0.964769597260478,NaN,0.3600208438017606,NaN,NaN,NaN,0.4615198315635079,2,2,1.0,18.90723729133606,0.0,1
DoH20,RIPPER,0.9512617166460303,0.9521353638646667,NaN,0.9445349140177176,NaN,0.9455641784378315,NaN,NaN,NaN,0.9521353638646667,49,172,3.510204081632653,2.8168094158172607,0.05078125,1
DoH20,CMR,1.0,1.0,100.0,1.0,100.0,1.0,0.0,0.0,1.0,1.0,65744,65744,1.0,16.74259090423584,0.0,1
DoH20,BRCG,0.960501527394116,0.4615198315635079,NaN,0.964769597260478,NaN,0.3600208438017606,NaN,NaN,NaN,0.4615198315635079,2,2,1.0,18.90001082420349,0.0078125,2
DoH20,RIPPER,0.9512617166460303,0.9521353638646667,NaN,0.9445349140177176,NaN,0.9455641784378315,NaN,NaN,NaN,0.9521353638646667,49,172,3.510204081632653,2.4322991371154785,0.0625,2
DoH20,CMR,1.0,1.0,100.0,1.0,100.0,1.0,0.0,0.0,1.0,1.0,65744,65744,1.0,16.053070306777954,0.05078125,2
DoH20,BRCG,0.960501527394116,0.4615198315635079,NaN,0.964769597260478,NaN,0.3600208438017606,NaN,NaN,NaN,0.4615198315635079,2,2,1.0,18.935123682022095,0.109375,3
DoH20,RIPPER,0.9512617166460303,0.9521353638646667,NaN,0.9445349140177176,NaN,0.9455641784378315,NaN,NaN,NaN,0.9521353638646667,49,172,3.510204081632653,3.0726568698883057,0.17578125,3
DoH20,CMR,1.0,1.0,100.0,1.0,100.0,1.0,0.0,0.0,1.0,1.0,65744,65744,1.0,15.310115575790405,0.0,3
DoH20,BRCG,0.960501527394116,0.4615198315635079,NaN,0.964769597260478,NaN,0.3600208438017606,NaN,NaN,NaN,0.4615198315635079,2,2,1.0,20.810630321502686,0.453125,4
DoH20,RIPPER,0.9512617166460303,0.9521353638646667,NaN,0.9445349140177176,NaN,0.9455641784378315,NaN,NaN,NaN,0.9521353638646667,49,172,3.510204081632653,2.4976797103881836,0.02734375,4
DoH20,CMR,1.0,1.0,100.0,1.0,100.0,1.0,0.0,0.0,1.0,1.0,65744,65744,1.0,15.064074754714966,0.05078125,4
DoH20,BRCG,0.960501527394116,0.4615198315635079,NaN,0.964769597260478,NaN,0.3600208438017606,NaN,NaN,NaN,0.4615198315635079,2,2,1.0,29.179476022720337,0.05859375,5
DoH20,RIPPER,0.9512617166460303,0.9521353638646667,NaN,0.9445349140177176,NaN,0.9455641784378315,NaN,NaN,NaN,0.9521353638646667,49,172,3.510204081632653,3.138019561767578,0.078125,5
DoH20,CMR,1.0,1.0,100.0,1.0,100.0,1.0,0.0,0.0,1.0,1.0,65744,65744,1.0,22.229647874832153,0.046875,5
DoH20,BRCG,0.960501527394116,0.4615198315635079,NaN,0.964769597260478,NaN,0.3600208438017606,NaN,NaN,NaN,0.4615198315635079,2,2,1.0,24.152991771697998,0.0,6
DoH20,RIPPER,0.9512617166460303,0.9521353638646667,NaN,0.9445349140177176,NaN,0.9455641784378315,NaN,NaN,NaN,0.9521353638646667,49,172,3.510204081632653,2.8998496532440186,0.30859375,6
DoH20,CMR,1.0,1.0,100.0,1.0,100.0,1.0,0.0,0.0,1.0,1.0,65744,65744,1.0,18.630122423171997,0.046875,6
DoH20,BRCG,0.960501527394116,0.4615198315635079,NaN,0.964769597260478,NaN,0.3600208438017606,NaN,NaN,NaN,0.4615198315635079,2,2,1.0,21.024904012680054,0.0,7
DoH20,RIPPER,0.9512617166460303,0.9521353638646667,NaN,0.9445349140177176,NaN,0.9455641784378315,NaN,NaN,NaN,0.9521353638646667,49,172,3.510204081632653,2.558225631713867,0.0390625,7
DoH20,CMR,1.0,1.0,100.0,1.0,100.0,1.0,0.0,0.0,1.0,1.0,65744,65744,1.0,17.2140634059906,0.0,7
DoH20,BRCG,0.960501527394116,0.4615198315635079,NaN,0.964769597260478,NaN,0.3600208438017606,NaN,NaN,NaN,0.4615198315635079,2,2,1.0,20.0125150680542,0.0078125,8
DoH20,RIPPER,0.9512617166460303,0.9521353638646667,NaN,0.9445349140177176,NaN,0.9455641784378315,NaN,NaN,NaN,0.9521353638646667,49,172,3.510204081632653,2.5375564098358154,0.0078125,8
DoH20,CMR,1.0,1.0,100.0,1.0,100.0,1.0,0.0,0.0,1.0,1.0,65744,65744,1.0,24.784399032592773,0.0,8
DoH20,BRCG,0.960501527394116,0.4615198315635079,NaN,0.964769597260478,NaN,0.3600208438017606,NaN,NaN,NaN,0.4615198315635079,2,2,1.0,29.467946529388428,0.109375,9
DoH20,RIPPER,0.9512617166460303,0.9521353638646667,NaN,0.9445349140177176,NaN,0.9455641784378315,NaN,NaN,NaN,0.9521353638646667,49,172,3.510204081632653,3.2620081901550293,0.0,9
DoH20,CMR,1.0,1.0,100.0,1.0,100.0,1.0,0.0,0.0,1.0,1.0,65744,65744,1.0,21.095669269561768,0.046875,9
DoH20,BRCG,0.960501527394116,0.4615198315635079,NaN,0.964769597260478,NaN,0.3600208438017606,NaN,NaN,NaN,0.4615198315635079,2,2,1.0,28.05936026573181,0.0546875,10
DoH20,RIPPER,0.9512617166460303,0.9521353638646667,NaN,0.9445349140177176,NaN,0.9455641784378315,NaN,NaN,NaN,0.9521353638646667,49,172,3.510204081632653,2.4437255859375,0.00390625,10
DoH20,CMR,1.0,1.0,100.0,1.0,100.0,1.0,0.0,0.0,1.0,1.0,65744,65744,1.0,14.8664071559906,0.0390625,10
