Dataset,Méthode,F1_train,F1_test,Train_Coverage,Train_Exactitude,Test_Coverage,Test_Exactitude,Conflit,Non_couverts,F1_rmaj,F1_rr,Complexité,Temps,RAM_MB,Iteration
KDD99,BRCG,0.9732662755280135,0.9733765237656086,,0.9733403166535014,,0.9734519352955319,,,,0.9733765237656086,1.0,193.29,1462.47,1
KDD99,RIPPER,0.9986518828559575,0.9980421607109182,,0.9986519902462478,,0.998042380739774,,,,0.9980421607109182,45.0,112.59,382.69,1
KDD99,CMR,0.9995535072512071,0.9991413372213503,69.74,1.0,69.5,0.9975785728404823,0.13,30.5,0.6893420986872211,0.9977327035115418,5874.0,139.72132849693298,7243.7265625,1
BIG15,BRCG,0.9817893998199688,0.9753953519014997,,0.9817361934858788,,0.9754074610648316,,,,0.9753953519014997,1.0,432.69,2533.5,1
BIG15,RIPPER,0.9829109424503459,0.9829986151215446,,0.9828590055868957,,0.982940963419051,,,,0.9829986151215446,17.0,230.48,458.78,1
BIG15,CMR,0.994849376391461,0.9937737319417164,95.15,1.0,94.21,0.9873135475934184,1.04,5.79,0.9488136594027098,0.9848338945454647,29297.0,40.02416205406189,132.98828125,1
DoH20,BRCG,0.960501527394116,0.4615198315635079,,0.964769597260478,,0.3600208438017606,,,,0.4615198315635079,1.0,4452.67,8192.24,1
DoH20,RIPPER,0.9498863017266039,0.9497361554783126,,0.9426831310950644,,0.942437608173748,,,,0.9497361554783126,50.0,1135.87,863.37,1
DoH20,CMR,1.0,0.999981390600593,100.0,1.0,100.0,1.0,1.37,0.0,1.0,0.999981390600593,65744.0,207.7200412750244,409.3203125,1
