Dataset;Méthode;F1_train;F1_test;Train_Coverage;Train_Exactitude;Test_Coverage;Test_Exactitude;Conflit;Non_couverts;F1_rmaj;F1_rr;Nb_règles;Nb_conditions;Complexité;Temps;RAM_MB;Iteration
KDD99;BRCG;0.9732662755280135;0.9733765237656086;NaN;0.9733403166535014;NaN;0.9734519352955319;NaN;NaN;NaN;0.9733765237656086;5;5;1.0;2.6;97.75;1
KDD99;RIPPER;0.9988494054723684;0.9981110267646339;NaN;0.9988494693821479;NaN;0.9981110691348697;NaN;NaN;NaN;0.9981110267646339;48;196;4.083333333333333;1.6;13.97;1
KDD99;CMR;0.9995535072512071;0.9977327035115418;69.74;1.0;69.5;0.9975785728404823;0.13;30.5;0.6893420986872211;0.9977327035115418;5874;5874;1.0;1.7;4.72;1
BIG15;BRCG;0.9817893998199688;0.9753953519014997;NaN;0.9817361934858788;NaN;0.9754074610648316;NaN;NaN;NaN;0.9753953519014997;3;3;1.0;16.92;211.71;1
BIG15;RIPPER;0.9830146700871389;0.9828420053598137;NaN;0.9829767197587765;NaN;0.9827960883737776;NaN;NaN;NaN;0.9828420053598137;29;102;3.5172413793103448;2.19;17.92;1
BIG15;CMR;0.994849376391461;0.9848338945454647;95.15;1.0;94.21;0.9873135475934184;1.04;5.79;0.9488136594027098;0.9848338945454647;29297;29297;1.0;7.75;1.6;1
UNSW-NB15;BRCG;0.8160466781001257;0.7671332513822438;NaN;0.8160496526259534;NaN;0.7722152833621344;NaN;NaN;NaN;0.7671332513822438;3;3;1.0;68.78;1258.68;1
UNSW-NB15;RIPPER;0.9176774114356979;0.8376873929060893;NaN;0.9174925909731332;NaN;0.8320529710678051;NaN;NaN;NaN;0.8376873929060893;38;186;4.894736842105263;12.87;88.05;1
UNSW-NB15;CMR;0.9745308112859332;0.9180219728575577;66.59;1.0;99.72;0.9211230711156358;52.28;0.28;0.9181346102080776;0.9180219728575577;9298;9298;1.0;3.43;15.04;1
