Dataset,Metric,CMR,Baseline,Improvement,P-Value
KDD99,F1 Hybrid,0.994 ± 0.001,0.997 ± 0.000,-0.0028,0.002
KDD99,Accuracy,0.994 ± 0.002,0.986 ± 0.001,0.0083,0.002
BIG15,F1 Hybrid,0.975 ± 0.001,0.986 ± 0.001,-0.0109,0.002
BIG15,Accuracy,0.976 ± 0.001,0.963 ± 0.012,0.0131,0.002
DoH20,F1 Hybrid,1.000 ± 0.000,0.983 ± 0.003,0.0167,0.002
DoH20,Accuracy,1.000 ± 0.000,0.325 ± 0.040,0.6749,0.002
UNSW-NB15,F1 Hybrid,0.899 ± 0.031,0.741 ± 0.022,0.1583,0.002
UNSW-NB15,Accuracy,0.904 ± 0.026,0.725 ± 0.139,0.1794,0.002
CIC2017,F1 Hybrid,0.992 ± 0.000,0.996 ± 0.001,-0.0037,0.002
CIC2017,Accuracy,0.993 ± 0.000,0.945 ± 0.001,0.0481,0.002
