Dataset,Méthode,F1_train,F1_test,Train_Coverage,Train_Exactitude,Test_Coverage,Test_Exactitude,Conflit,Non_couverts,F1_rmaj,F1_rr,Nb_règles,Nb_conditions,Complexité,Temps,RAM_MB
BIG15,BRCG,0.9817893998199688,0.9753953519014997,NaN,0.9817361934858788,NaN,0.9754074610648316,NaN,NaN,NaN,0.9753953519014997,3.0,3.0,1.0,17.98340153694153,0.10546875
BIG15,RIPPER,0.9846812326604122,0.9845329229713252,NaN,0.9846518829740033,NaN,0.9844983701557407,NaN,NaN,NaN,0.9845329229713252,25.0,90.0,3.6,2.9262545108795166,0.0625
BIG15,CMR,0.9995835092069051,0.9867,95.41,1.0,94.45,0.99,0.0,5.55,0.9491,0.9867,29262.0,29262.0,1.0,10.429323434829712,0.06640625
DoH20,BRCG,0.960501527394116,0.4615198315635079,NaN,0.964769597260478,NaN,0.3600208438017606,NaN,NaN,NaN,0.4615198315635079,2.0,2.0,1.0,20.16416645050049,0.05859375
DoH20,RIPPER,0.9512617166460303,0.9521353638646667,NaN,0.9445349140177176,NaN,0.9455641784378315,NaN,NaN,NaN,0.9521353638646667,49.0,172.0,3.510204081632653,2.611320972442627,0.13671875
DoH20,CMR,1.0,1.0,100.0,1.0,100.0,1.0,0.0,0.0,1.0,1.0,65744.0,65744.0,1.0,16.612586736679077,0.04296875
KDD99,BRCG,0.9728405166005248,0.9730015191604033,NaN,0.9729110141841536,NaN,0.9730741491225058,NaN,NaN,NaN,0.9730015191604033,5.0,5.0,1.0,3.1069226264953613,0.0
KDD99,RIPPER,0.9983769382692911,0.9979391320172465,NaN,0.9983772366658653,NaN,0.9979393481471306,NaN,NaN,NaN,0.9979391320172465,37.0,144.0,3.891891891891892,1.3467249870300293,0.234375
KDD99,CMR,0.9999914139664886,0.9981,70.05,1.0,69.84,1.0,0.0,30.16,0.6918,0.9981,5889.0,5889.0,1.0,1.9602606296539307,0.1328125
UNSW-NB15,BRCG,0.8160466781001257,0.7671332513822438,NaN,0.8160496526259534,NaN,0.7722152833621344,NaN,NaN,NaN,0.7671332513822438,3.0,3.0,1.0,64.92561316490173,0.1171875
UNSW-NB15,RIPPER,0.9102854718390798,0.8258736798071751,NaN,0.9101564397804013,NaN,0.819791149816643,NaN,NaN,NaN,0.8258736798071751,42.0,213.0,5.071428571428571,8.880242109298706,0.0
UNSW-NB15,CMR,0.989291805851164,0.9172,67.67,1.0,99.77,0.92,0.0,0.23,0.9175,0.9172,9591.0,9591.0,1.0,3.5978662967681885,1.40234375
