Dataset;Method;Training Accuracy;Training Coverage;Testing Accuracy;Testing Coverage;Rule Complexity;Test Time (s);Test Memory (MB);Training Time (TE);Rule Generation Time (TG);Total Explanation Time (TT);Training Memory (MB);Rule Generation Memory (MB);Total Explanation Memory (MB);F1 Hybrid
BIG15;BRCG;0.9817361934858788;NaN;0.9819630568634552;NaN;1.0;15.544999999999998;228.716;288.30824;0.0641299999999999;288.37236;2499.5812400000004;0.01641;2499.5976499999992;NaN
BIG15;CMR;1.0;95.15;0.9873135475934184;94.21;1.0;5.191000000000001;1.5930000000000002;0.06043;12.01162;12.07206;0.0394599999999999;56.18399;56.22344;NaN
BIG15;RIPPER;0.9871791156949208;NaN;0.9872292647591452;NaN;3.4815665843781347;1.918;17.509999999999998;152.24712999999997;0.06297;152.31009;485.33281;0.02383;485.35664;NaN
DoH20;BRCG;0.964769597260478;NaN;0.9657752219306572;NaN;1.0;19.065;391.785;3401.06145;0.09077;3401.1522000000004;8285.621869999999;2.3414;8287.96328;NaN
DoH20;CMR;1.0;100.0;1.0;100.0;1.0;12.453;16.496;0.06712;102.02433;102.09146;0.04255;177.95001;177.99256;NaN
DoH20;RIPPER;0.9479286086503388;NaN;0.9473582342322222;NaN;3.5607023809523817;2.4910000000000005;30.36;661.43065;0.06252;661.4931399999999;753.3523400000001;0.05977;753.4121100000001;NaN
KDD99;BRCG;0.9733403166535014;NaN;0.9736923446783669;NaN;1.0;4.661;118.965;153.14146;0.06418;153.20566000000002;1445.76289;0.0;1445.76289;NaN
KDD99;CMR;1.0;69.74;0.9975785728404822;69.5;1.0;1.178;0.5569999999999999;0.06282;1.82976;1.89259;0.07459;23.90352;23.97812;NaN
KDD99;RIPPER;0.9985747158017654;NaN;0.9980355119002644;NaN;4.109751235666526;1.426;13.107;116.74883;0.0620699999999999;116.81089;379.73359;0.04102;379.77461000000005;NaN
UNSW-NB15;BRCG;0.8179201282611863;NaN;0.6897873286909508;NaN;1.0;60.484;1322.045;249.15255;0.06266;249.21521;2291.81406;0.01797;2291.83203;NaN
UNSW-NB15;CMR;1.0;66.59;0.921123071115636;99.72;1.0;2.74;4.161;0.06408;13.42668;13.49078;0.0461199999999999;28.86017;28.90624;NaN
UNSW-NB15;RIPPER;0.9174549385415148;NaN;0.7391711008834214;NaN;5.11174151020035;7.752;88.607;193.42234;0.0653;193.48763;250.53203;0.0136699999999999;250.5457;NaN
