Dataset;s_min Value;Rule Coverage (%);Conflict Rate;Hybrid F1;F1_rmaj;F1;Nb_règles;Nb_conditions;Complexité
KDD99;1;69.84;0.13;NaN;0.6918135221246674;0.9975872251661739;5889;5889;1.0
KDD99;3;69.84;0.13;NaN;0.6918135221246674;0.9975872251661739;5889;5889;1.0
KDD99;50;62.25;0.05;NaN;0.6765028885906956;0.9996138353066638;463;463;1.0
BIG15;1;94.66;1.17;NaN;0.9512005105272062;0.9873034157102358;29625;29625;1.0
BIG15;3;94.66;1.17;NaN;0.9512005105272062;0.9873034157102358;29625;29625;1.0
BIG15;50;74.65;0.02;NaN;0.7731506940759052;0.9984462418832885;1915;1915;1.0
DoH20;1;100.0;1.37;NaN;1.0;1.0;65744;65744;1.0
DoH20;3;100.0;1.37;NaN;1.0;1.0;65744;65744;1.0
DoH20;50;99.99;0.07;NaN;1.0;1.0;1888;1888;1.0
UNSW-NB15;1;99.77;52.32;NaN;0.9175715581479503;0.9173901558619275;9673;9673;1.0
UNSW-NB15;3;99.77;52.32;NaN;0.9175715581479503;0.9173901558619275;9673;9673;1.0
UNSW-NB15;50;49.66;0.19;NaN;0.9180111192558941;0.9911557461291299;493;493;1.0
