Dataset,Methode,F1_train,F1_test,Train_Coverage,Train_Exactitude,Test_Coverage,Test_Exactitude,Conflit,Non_couverts,F1_rmaj,F1_rr,Complexite,Temps,RAM_MB,Iteration
KDD99,BRCG,0.9874215561320782,0.9846094315323761,NaN,0.98745,NaN,0.9846481436961225,NaN,NaN,NaN,0.9846094315323761,1.0,91.41,314.67,1
KDD99,RIPPER,0.9985000634495427,0.996874980930985,NaN,0.9985,NaN,0.996874678023148,NaN,NaN,NaN,0.996874980930985,24.0,10.9,299.8,1
KDD99,CMR,0.9997499867494891,0.9981452466635335,95.42,1.0,95.56,0.992632259919494,1.02,4.44,0.9781182585224981,0.9921248181745522,1983.0,2.4654483795166016,10.84765625,1
KDD99,BRCG,0.9908874502244372,0.9867249387785751,NaN,0.9909,NaN,0.9867431397465398,NaN,NaN,NaN,0.9867249387785751,1.0,87.42,301.57,2
KDD99,RIPPER,0.9982500940941669,0.9973216706453782,NaN,0.99825,NaN,0.9973211525912697,NaN,NaN,NaN,0.9973216706453782,26.0,11.35,289.17,2
KDD99,CMR,0.999799995690593,0.998763534866442,95.5,1.0,95.46,0.9929123943155244,1.1,4.54,0.9731523214790588,0.992917617518096,1966.0,2.0767056941986084,21.6796875,2
KDD99,BRCG,0.9913386251795017,0.9875495389498578,NaN,0.99135,NaN,0.9875674004876877,NaN,NaN,NaN,0.9875495389498578,1.0,80.46,280.73,3
KDD99,RIPPER,0.9980500212582105,0.9971497502715844,NaN,0.99805,NaN,0.9971494316035305,NaN,NaN,NaN,0.9971497502715844,21.0,11.39,291.54,3
KDD99,CMR,0.9995999737881349,0.998454151084115,93.52,1.0,93.22,0.9949895000552629,1.39,6.78,0.9499618068213926,0.9947408918076514,1955.0,2.0884552001953125,16.81640625,3
KDD99,BRCG,0.9865637757725504,0.9833626669647786,NaN,0.9866,NaN,0.9834117525844008,NaN,NaN,NaN,0.9833626669647786,1.0,78.83,312.26,4
KDD99,RIPPER,0.997149057566091,0.9963933454880214,NaN,0.99715,NaN,0.9963938592574785,NaN,NaN,NaN,0.9963933454880214,20.0,10.5,290.0,4
KDD99,CMR,0.9997499925474665,0.9984886513818888,96.29,1.0,95.84,0.9957716701902748,1.24,4.16,0.983594678053717,0.9952228569028476,1928.0,2.3236217498779297,20.26953125,4
KDD99,BRCG,0.990586418196344,0.9876187202263671,NaN,0.9906,NaN,0.9876360888827832,NaN,NaN,NaN,0.9876187202263671,1.0,69.97,291.46,5
KDD99,RIPPER,0.9987499858788915,0.996943389256051,NaN,0.99875,NaN,0.9969433664182437,NaN,NaN,NaN,0.996943389256051,27.0,11.81,282.17,5
KDD99,CMR,0.9997999909555852,0.9984544069984305,95.56,1.0,95.34,0.9961093699340754,1.35,4.66,0.9737703224599051,0.995738605750028,1992.0,2.077684164047241,17.3671875,5
KDD99,BRCG,0.9866669685042024,0.9840205035239521,NaN,0.9867,NaN,0.9840642923378096,NaN,NaN,NaN,0.9840205035239521,1.0,59.49,313.91,6
KDD99,RIPPER,0.9983499482279314,0.9974241659316428,NaN,0.99835,NaN,0.9974241851839132,NaN,NaN,NaN,0.9974241659316428,27.0,12.92,293.95,6
KDD99,CMR,0.9997499869191855,0.9986604458692393,95.99,1.0,95.9,0.9960604541221976,1.36,4.1,0.9813089057719743,0.9956356752680263,1943.0,2.1141161918640137,18.71484375,6
KDD99,BRCG,0.9907868545999258,0.9864166013960217,NaN,0.9908,NaN,0.9864340419686094,NaN,NaN,NaN,0.9864166013960217,1.0,98.98,306.35,7
KDD99,RIPPER,0.9987001139408943,0.9962908266648349,NaN,0.9987,NaN,0.9962908266648349,NaN,NaN,NaN,0.9962908266648349,25.0,10.85,296.59,7
KDD99,CMR,0.9997999912078989,0.998454360618353,96.08,1.0,96.12,0.994533371444905,1.29,3.88,0.9813085761264331,0.9939840245719352,2025.0,2.1268539428710938,18.87890625,7
KDD99,BRCG,0.9916908164892729,0.9872118548593642,NaN,0.9917,NaN,0.9872239585122093,NaN,NaN,NaN,0.9872118548593642,1.0,81.74,303.94,8
KDD99,RIPPER,0.9979503301495335,0.9961892336540842,NaN,0.99795,NaN,0.9961877940721915,NaN,NaN,NaN,0.9961892336540842,27.0,11.63,294.41,8
KDD99,CMR,0.999699980566715,0.9987634606316944,92.32,1.0,91.8,0.9955851541454654,1.28,8.2,0.9393737709196834,0.9953258525008523,2022.0,2.182809352874756,17.765625,8
KDD99,BRCG,0.9916396902814298,0.9864845212501284,NaN,0.99165,NaN,0.9865027303637051,NaN,NaN,NaN,0.9864845212501284,1.0,103.37,308.32,9
KDD99,RIPPER,0.9985998739579545,0.9974239343639215,NaN,0.9986,NaN,0.9974241851839132,NaN,NaN,NaN,0.9974239343639215,19.0,8.61,294.95,9
KDD99,CMR,0.9997999910061927,0.9986260880114978,91.72,1.0,91.59,0.9929878506074696,1.0,8.41,0.93096080901113,0.9931567181716665,1997.0,2.0853304862976074,19.44921875,9
KDD99,BRCG,0.9924414023900994,0.986315056961866,NaN,0.99245,NaN,0.986331009375966,NaN,NaN,NaN,0.986315056961866,1.0,75.98,327.13,10
KDD99,RIPPER,0.9980501884268069,0.9970124332391231,NaN,0.99805,NaN,0.9970120548133393,NaN,NaN,NaN,0.9970124332391231,24.0,10.35,295.16,10
KDD99,CMR,0.9997499919219941,0.9985573490463484,95.07,1.0,94.96,0.9922603978300181,0.93,5.04,0.9658528405787639,0.9921239423326179,1936.0,2.078268051147461,17.453125,10
BIG15,BRCG,0.9813915257533569,0.9263846617845221,NaN,0.98135,NaN,0.92854038391887,NaN,NaN,NaN,0.9263846617845221,1.0,117.51,333.47,1
BIG15,RIPPER,0.9921576142688296,0.9852720933880722,NaN,0.99215,NaN,0.9852589641434263,NaN,NaN,NaN,0.9852720933880722,47.0,28.97,319.87,1
BIG15,CMR,0.9975506408916713,0.9922165111229766,95.3,1.0,95.16,0.9755271370937048,2.36,4.84,0.9451631789396504,0.974860250287222,7827.0,7.591055870056152,31.140625,1
BIG15,BRCG,0.983856508740541,0.9664657934002918,NaN,0.98385,NaN,0.9667511771097429,NaN,NaN,NaN,0.9664657934002918,1.0,123.67,333.14,2
BIG15,RIPPER,0.991859033957426,0.9861317278804944,NaN,0.99185,NaN,0.986128214415067,NaN,NaN,NaN,0.9861317278804944,48.0,19.91,318.42,2
BIG15,CMR,0.9977504807295551,0.9920703675711858,95.56,1.0,95.42,0.9776816214985197,2.62,4.58,0.9485330657062154,0.9761714049114271,8020.0,7.067227363586426,30.51171875,2
BIG15,BRCG,0.980367236444224,0.9658562214126636,NaN,0.9803,NaN,0.966063020644694,NaN,NaN,NaN,0.9658562214126636,1.0,121.49,341.17,3
BIG15,RIPPER,0.9910136575576327,0.987080554731108,NaN,0.991,NaN,0.9870699022093444,NaN,NaN,NaN,0.987080554731108,47.0,39.85,320.45,3
BIG15,CMR,0.997650730777019,0.9927967153767395,95.1,1.0,94.97,0.9781845919145691,2.13,5.03,0.9468587342405355,0.9769135111898889,7781.0,7.894333124160767,31.74609375,3
BIG15,BRCG,0.9830886420703193,0.9655647056936681,NaN,0.98305,NaN,0.9657732705541471,NaN,NaN,NaN,0.9655647056936681,1.0,123.0,356.12,4
BIG15,RIPPER,0.9922059326052869,0.9867230964836732,NaN,0.9922,NaN,0.9867077145961608,NaN,NaN,NaN,0.9867230964836732,47.0,29.26,321.69,4
BIG15,CMR,0.9986003340243474,0.9921830620380521,95.32,1.0,95.56,0.9755524390706136,2.43,4.44,0.948690352336188,0.9745236683786371,7857.0,6.938202857971191,32.5234375,4
BIG15,BRCG,0.9829057731626143,0.9670267683547447,NaN,0.9829,NaN,0.9672944585295183,NaN,NaN,NaN,0.9670267683547447,1.0,127.94,361.47,5
BIG15,RIPPER,0.9918537310162359,0.9857715492184885,NaN,0.99185,NaN,0.9857660268018834,NaN,NaN,NaN,0.9857715492184885,49.0,28.85,322.96,5
BIG15,CMR,0.9979503464691883,0.9921427843056956,95.0,1.0,95.09,0.9767663302228147,2.27,4.91,0.9476427001225131,0.9756031802402197,7665.0,6.902045965194702,32.33203125,5
BIG15,BRCG,0.9834664168912916,0.9670639017371148,NaN,0.98345,NaN,0.9673306772908367,NaN,NaN,NaN,0.9670639017371148,1.0,124.25,362.6,6
BIG15,RIPPER,0.9917052345618417,0.986276566231612,NaN,0.9917,NaN,0.9862730894603404,NaN,NaN,NaN,0.986276566231612,48.0,30.79,324.54,6
BIG15,CMR,0.9976501716855631,0.992288396904677,95.38,1.0,95.2,0.9760310455029676,2.33,4.8,0.9461111893107027,0.9754015968941667,7948.0,7.426375150680542,32.3984375,6
BIG15,BRCG,0.9832503784814703,0.9672842165507832,NaN,0.98325,NaN,0.9675479898587468,NaN,NaN,NaN,0.9672842165507832,1.0,122.81,364.1,7
BIG15,RIPPER,0.9912928770114872,0.9861559688219875,NaN,0.9913,NaN,0.9861644331763854,NaN,NaN,NaN,0.9861559688219875,47.0,22.11,327.04,7
BIG15,CMR,0.9971507071422784,0.9922531039532129,95.26,1.0,95.31,0.9741972259167775,2.16,4.69,0.9462933249088711,0.9729754604886239,7923.0,7.047898054122925,30.625,7
BIG15,BRCG,0.984357291096695,0.9670601904586482,NaN,0.98435,NaN,0.9673306772908367,NaN,NaN,NaN,0.9670601904586482,1.0,111.09,361.83,8
BIG15,RIPPER,0.9921899329632975,0.9852653908904693,NaN,0.9922,NaN,0.9852951829047446,NaN,NaN,NaN,0.9852653908904693,48.0,31.37,326.09,8
BIG15,CMR,0.9977502765154748,0.9927591799485522,95.52,1.0,95.48,0.9756476880476426,2.38,4.52,0.9492892074649747,0.9747920488198157,7840.0,7.132545709609985,33.9296875,8
BIG15,BRCG,0.9852618251437305,0.9665823067478369,NaN,0.98525,NaN,0.966859833393698,NaN,NaN,NaN,0.9665823067478369,1.0,112.95,363.35,9
BIG15,RIPPER,0.99215818638891,0.9868590163065802,NaN,0.99215,NaN,0.9868525896414343,NaN,NaN,NaN,0.9868590163065802,44.0,28.87,327.19,9
BIG15,CMR,0.9981502258031573,0.9920359012603123,95.24,1.0,95.01,0.9769374452026074,2.39,4.99,0.9456183593117857,0.9752723999992934,7669.0,7.029032468795776,34.82421875,9
BIG15,BRCG,0.9825589423970761,0.966839832127041,NaN,0.98255,NaN,0.9671133647229265,NaN,NaN,NaN,0.966839832127041,1.0,127.17,364.04,10
BIG15,RIPPER,0.9900116591555903,0.9840401513318432,NaN,0.99,NaN,0.9840275262586019,NaN,NaN,NaN,0.9840401513318432,47.0,19.47,328.5,10
BIG15,CMR,0.9972009577384566,0.9920359012603123,95.32,1.0,95.26,0.9753250703368566,2.51,4.74,0.9469288915524134,0.9741993990549122,7824.0,6.96391749382019,33.23828125,10
DoH20,BRCG,0.9580474876636003,0.38152796568898967,NaN,0.96285,NaN,0.29819663893696613,NaN,NaN,NaN,0.38152796568898967,1.0,155.23,364.7,1
DoH20,RIPPER,0.9830041924502082,0.9800391442273317,NaN,0.98235,NaN,0.9791748087767294,NaN,NaN,NaN,0.9800391442273317,49.0,18.05,341.11,1
DoH20,CMR,1.0,0.9998883094475154,99.98,1.0,99.99,0.9999441642316068,1.42,0.01,0.9999441581413294,0.9999255487438893,5119.0,12.89863634109497,18.05859375,1
DoH20,BRCG,0.9607105535116883,0.500313696087713,NaN,0.9649,NaN,0.39781884503005605,NaN,NaN,NaN,0.500313696087713,1.0,153.96,348.3,2
DoH20,RIPPER,0.9875489657657659,0.9839710292260667,NaN,0.9873,NaN,0.9836599482627063,NaN,NaN,NaN,0.9839710292260667,50.0,28.42,335.35,2
DoH20,CMR,1.0,0.9996648462617286,99.99,1.0,99.99,0.9998697165404158,1.37,0.01,0.9998696704186453,0.9998696704186453,5252.0,13.482998609542847,20.08203125,2
DoH20,BRCG,0.9614953013781609,0.4984901940234343,NaN,0.96555,NaN,0.39619972828615563,NaN,NaN,NaN,0.4984901940234343,1.0,157.71,349.95,3
DoH20,RIPPER,0.9901385626372947,0.9851135709717214,NaN,0.98995,NaN,0.984776580499879,NaN,NaN,NaN,0.9851135709717214,48.0,27.19,341.2,3
DoH20,CMR,1.0,0.9998883367762827,100.0,1.0,99.99,0.9999255509231686,1.25,0.01,0.999925539631677,0.9999069302355491,5119.0,12.903100967407227,18.8828125,3
DoH20,BRCG,0.960058863819916,0.38155278343031795,NaN,0.9645,NaN,0.2983455232352558,NaN,NaN,NaN,0.38155278343031795,1.0,142.99,354.35,4
DoH20,RIPPER,0.984706707133861,0.9794323566729558,NaN,0.9842,NaN,0.9785606610462844,NaN,NaN,NaN,0.9794323566729558,46.0,27.35,341.26,4
DoH20,CMR,1.0,0.9998325154053367,100.0,1.0,99.99,0.9998883284632135,1.41,0.01,0.9998696704186453,0.9998696863788034,5203.0,12.853227853775024,20.859375,4
DoH20,BRCG,0.9609003649700799,0.3815159690395072,NaN,0.96525,NaN,0.298364133772542,NaN,NaN,NaN,0.3815159690395072,1.0,143.64,351.3,5
DoH20,RIPPER,0.9924824486819787,0.9879395609672731,NaN,0.9924,NaN,0.9877356559283866,NaN,NaN,NaN,0.9879395609672731,47.0,24.38,341.77,5
DoH20,CMR,1.0,0.9989761072620255,100.0,1.0,100.0,0.9998883346981314,1.25,0.0,0.9998882957713203,0.9998882957713203,5130.0,13.136034488677979,18.7734375,5
DoH20,BRCG,0.9642534310603265,0.3834532382400688,NaN,0.96785,NaN,0.30002047159101486,NaN,NaN,NaN,0.3834532382400688,1.0,145.16,350.61,6
DoH20,RIPPER,0.989146793851559,0.9832606925870209,NaN,0.98895,NaN,0.9828596951593993,NaN,NaN,NaN,0.9832606925870209,44.0,15.69,341.38,6
DoH20,CMR,1.0,0.9997952715695767,99.99,1.0,99.99,0.9999069386539607,1.34,0.01,0.9999069188420023,0.9998510974877788,5211.0,12.949670791625977,22.3984375,6
DoH20,BRCG,0.9578039846736734,0.4285743180137758,NaN,0.96265,NaN,0.3331100068858988,NaN,NaN,NaN,0.4285743180137758,1.0,147.53,352.15,7
DoH20,RIPPER,0.9882847276168483,0.9828338553490922,NaN,0.98805,NaN,0.9823572106526716,NaN,NaN,NaN,0.9828338553490922,49.0,25.47,342.22,7
DoH20,CMR,1.0,0.9999627743719447,99.99,1.0,99.99,0.9998883263847528,1.48,0.01,0.9998882957713203,0.9998882957713203,5348.0,12.995845079421997,19.71484375,7
DoH20,BRCG,0.9579650486613498,0.38116551256387127,NaN,0.96285,NaN,0.2978802598031005,NaN,NaN,NaN,0.38116551256387127,1.0,167.18,356.22,8
DoH20,RIPPER,0.9802247994465377,0.9775194260280271,NaN,0.97955,NaN,0.9766437757058046,NaN,NaN,NaN,0.9775194260280271,44.0,28.66,337.37,8
DoH20,CMR,1.0,0.9998697182715487,100.0,1.0,100.0,0.999925556465421,1.33,0.0,0.999925539631677,0.999925539631677,5103.0,13.271120071411133,20.83984375,8
DoH20,BRCG,0.9590833163100743,0.3823170620976522,NaN,0.9638,NaN,0.2987735655928387,NaN,NaN,NaN,0.3823170620976522,1.0,150.93,355.41,9
DoH20,RIPPER,0.9911670666938102,0.9877627568861111,NaN,0.99105,NaN,0.9875309400182384,NaN,NaN,NaN,0.9877627568861111,47.0,25.79,342.97,9
DoH20,CMR,1.0,0.9994040250422165,99.98,1.0,99.99,0.9999627768471989,1.43,0.01,0.9999627743719447,0.9999627743719447,5163.0,13.17920994758606,20.22265625,9
DoH20,BRCG,0.9588209882275318,0.4263000234701891,NaN,0.9637,NaN,0.33126756369456384,NaN,NaN,NaN,0.4263000234701891,1.0,161.83,355.13,10
DoH20,RIPPER,0.9882625790260885,0.9846247985821595,NaN,0.98805,NaN,0.9842740959931513,NaN,NaN,NaN,0.9846247985821595,47.0,25.94,342.53,10
DoH20,CMR,1.0,0.9998510974877788,100.0,1.0,99.99,0.9999627754615843,1.45,0.01,0.9999627743719447,0.9999627743719447,5152.0,12.889464616775513,20.28125,10
UNSW-NB15,BRCG,0.9056723419469792,0.7908112946938234,NaN,0.9055,NaN,0.7838839746551006,NaN,NaN,NaN,0.7908112946938234,1.0,123.68,579.43,1
UNSW-NB15,RIPPER,0.9361655331158432,0.719742300676188,NaN,0.936,NaN,0.7106096121272264,NaN,NaN,NaN,0.719742300676188,45.0,55.06,543.12,1
UNSW-NB15,CMR,0.9742161282885682,0.8173590113734288,68.54,1.0,99.77,0.8703913296978427,33.88,0.23,0.8706364603770961,0.8701184225005208,2485.0,6.146885395050049,64.52734375,1
UNSW-NB15,BRCG,0.9076718643101794,0.789934843057069,NaN,0.9075,NaN,0.7828916226096577,NaN,NaN,NaN,0.789934843057069,1.0,124.63,550.85,2
UNSW-NB15,RIPPER,0.9305992832651396,0.7746652568818913,NaN,0.93045,NaN,0.7674531341785436,NaN,NaN,NaN,0.7746652568818913,41.0,30.36,537.46,2
UNSW-NB15,CMR,0.9763633387872728,0.8168824410114014,65.8,1.0,99.67,0.8670092238676158,34.5,0.33,0.8676065991455888,0.8674988255592817,2494.0,6.21614933013916,63.16796875,2
UNSW-NB15,BRCG,0.9095077123972635,0.4664106729321398,NaN,0.90935,NaN,0.49802955384080166,NaN,NaN,NaN,0.4664106729321398,1.0,124.23,563.64,3
UNSW-NB15,RIPPER,0.9402262245814356,0.7540499197831879,NaN,0.9401,NaN,0.745513028897976,NaN,NaN,NaN,0.7540499197831879,41.0,50.35,542.94,3
UNSW-NB15,CMR,0.9754616402072643,0.8300617493782256,66.54,1.0,99.6,0.9213992052312732,25.19,0.4,0.9187373695106853,0.9181975230445385,2425.0,6.139678239822388,61.81640625,3
UNSW-NB15,BRCG,0.9059840186236965,0.7919316916185503,NaN,0.9058,NaN,0.7847850759377442,NaN,NaN,NaN,0.7919316916185503,1.0,124.8,565.55,4
UNSW-NB15,RIPPER,0.9220295603338043,0.7598700237301019,NaN,0.92185,NaN,0.7526020725329501,NaN,NaN,NaN,0.7598700237301019,34.0,30.9,541.68,4
UNSW-NB15,CMR,0.9749136316747883,0.8236265260759831,68.69,1.0,99.78,0.9237768632830361,34.79,0.22,0.9215605243941221,0.9212350348822682,2459.0,6.244185447692871,62.89453125,4
UNSW-NB15,BRCG,0.9129552733789813,0.8450188337022428,NaN,0.9128,NaN,0.8408643728506168,NaN,NaN,NaN,0.8450188337022428,1.0,115.95,553.25,5
UNSW-NB15,RIPPER,0.937345550643139,0.7453901766542345,NaN,0.9372,NaN,0.738121717111229,NaN,NaN,NaN,0.7453901766542345,43.0,52.81,537.48,5
UNSW-NB15,CMR,0.9763107632492051,0.8283859610028304,66.97,1.0,99.73,0.9189580235617065,26.84,0.27,0.916310008255476,0.9158726695144114,2412.0,6.290874719619751,65.421875,5
UNSW-NB15,BRCG,0.9117016702190187,0.8341030162191728,NaN,0.91155,NaN,0.8301252987036688,NaN,NaN,NaN,0.8341030162191728,1.0,117.08,565.89,6
UNSW-NB15,RIPPER,0.925050133629437,0.763344822154789,NaN,0.9249,NaN,0.7560296793106005,NaN,NaN,NaN,0.763344822154789,33.0,24.52,542.35,6
UNSW-NB15,CMR,0.9773133177257852,0.8241804511997864,66.01,1.0,99.73,0.9169792977238934,34.24,0.27,0.9140350266650489,0.9139228553171664,2449.0,6.1568567752838135,77.85546875,6
UNSW-NB15,BRCG,0.9083034235419476,0.7974102237675079,NaN,0.9081,NaN,0.790665046965627,NaN,NaN,NaN,0.7974102237675079,1.0,122.48,563.89,7
UNSW-NB15,RIPPER,0.9234753959415819,0.7200589021971774,NaN,0.92325,NaN,0.7136950285443793,NaN,NaN,NaN,0.7200589021971774,41.0,34.7,541.3,7
UNSW-NB15,CMR,0.9755136578597118,0.8245784260931867,69.39,1.0,99.78,0.9276234567901235,34.57,0.22,0.9253340514988746,0.9250073018291145,2459.0,6.3086090087890625,65.91796875,7
UNSW-NB15,BRCG,0.9079194581018523,0.3791038914874342,NaN,0.90775,NaN,0.43939523556954735,NaN,NaN,NaN,0.3791038914874342,1.0,136.1,568.01,8
UNSW-NB15,RIPPER,0.9302028447082392,0.7253882060377064,NaN,0.93005,NaN,0.7186453824262438,NaN,NaN,NaN,0.7253882060377064,44.0,69.73,533.81,8
UNSW-NB15,CMR,0.9746130476132221,0.825925980497363,65.65,1.0,99.66,0.9163967449153609,34.61,0.34,0.9135392054290078,0.9133262298329534,2506.0,11.93250584602356,63.74609375,8
UNSW-NB15,BRCG,0.8828074348183585,0.7348115751120116,NaN,0.8829,NaN,0.7294300819545914,NaN,NaN,NaN,0.7348115751120116,1.0,104.52,564.12,9
UNSW-NB15,RIPPER,0.9345877228217679,0.7131874178612981,NaN,0.93445,NaN,0.7069880974786273,NaN,NaN,NaN,0.7131874178612981,41.0,31.93,542.98,9
UNSW-NB15,CMR,0.9768608596433849,0.8251170333216673,65.49,1.0,85.24,0.8641381432815051,13.19,14.76,0.8464958707259596,0.8317920404681031,2435.0,6.214707136154175,86.58984375,9
UNSW-NB15,BRCG,0.9103919940884091,0.7643035756045184,NaN,0.91025,NaN,0.7666717995220741,NaN,NaN,NaN,0.7643035756045184,1.0,115.42,581.91,10
UNSW-NB15,RIPPER,0.9300411333712364,0.7299014945664772,NaN,0.9299,NaN,0.7208924324601776,NaN,NaN,NaN,0.7299014945664772,27.0,27.47,545.03,10
UNSW-NB15,CMR,0.974508273041123,0.823659117444737,67.33,1.0,100.0,0.9143497527674646,38.58,0.0,0.9118567177048469,0.9118567177048469,2444.0,6.160884380340576,61.3984375,10
CIC2017,BRCG,0.9417550248478159,0.9388223457308613,NaN,0.9455,NaN,0.9427064336573685,NaN,NaN,NaN,0.9388223457308613,1.0,105.48,24.02,1
CIC2017,RIPPER,0.9975994453442966,0.9964126119347825,NaN,0.9976,NaN,0.9964140725352447,NaN,NaN,NaN,0.9964126119347825,28.0,21.47,273.52,1
CIC2017,CMR,0.9985998382874168,0.9977854130797258,92.24,1.0,91.9,0.9930353795815189,2.64,8.1,0.938630327528897,0.992313935454999,13421.0,26.03214383125305,202.3984375,1
CIC2017,BRCG,0.9437451091789946,0.9421410397052712,NaN,0.94745,NaN,0.9458384211611348,NaN,NaN,NaN,0.9421410397052712,1.0,95.39,1127.17,2
CIC2017,RIPPER,0.9969979484615739,0.9961377813628987,NaN,0.997,NaN,0.9961405191963082,NaN,NaN,NaN,0.9961377813628987,30.0,27.37,942.57,2
CIC2017,CMR,0.9986500767424966,0.9976004134376033,91.17,1.0,91.12,0.9929667700005439,2.75,8.88,0.9389358831378841,0.9922736519774641,13393.0,26.05440068244934,185.03515625,2
CIC2017,BRCG,0.9438440282678051,0.9421665984634628,NaN,0.9476,NaN,0.9458661729491429,NaN,NaN,NaN,0.9421665984634628,1.0,93.12,1117.65,3
CIC2017,RIPPER,0.9969465953315064,0.9951213897790921,NaN,0.99695,NaN,0.9951275789340142,NaN,NaN,NaN,0.9951213897790921,22.0,23.27,1030.79,3
CIC2017,CMR,0.9990998945930692,0.9976099515266014,92.77,1.0,92.08,0.9926269086619293,2.6,7.92,0.9361453754353579,0.9919158979892386,13345.0,26.488343715667725,213.2109375,3
CIC2017,BRCG,0.943857062494983,0.9403465198088395,NaN,0.9477,NaN,0.9447243850996686,NaN,NaN,NaN,0.9403465198088395,1.0,119.75,589.05,4
CIC2017,RIPPER,0.9967451762523784,0.9953600916197383,NaN,0.99675,NaN,0.9953654514026546,NaN,NaN,NaN,0.9953600916197383,28.0,24.07,416.99,4
CIC2017,CMR,0.9988998699687901,0.9976873112481235,93.25,1.0,92.74,0.993217679775305,2.73,7.26,0.9380159103740167,0.9925702303468277,13449.0,26.725625038146973,183.36328125,4
CIC2017,BRCG,0.945389109711342,0.9419364549703036,NaN,0.94875,NaN,0.9456540699979384,NaN,NaN,NaN,0.9419364549703036,1.0,96.1,613.03,5
CIC2017,RIPPER,0.9968960836946268,0.9958032423665754,NaN,0.9969,NaN,0.9958094800107835,NaN,NaN,NaN,0.9958032423665754,19.0,17.76,904.21,5
CIC2017,CMR,0.9988998741492069,0.9972842054738266,92.09,1.0,91.77,0.9925200013823849,2.7,8.23,0.9354880406602811,0.991807832003988,13251.0,27.385433435440063,279.02734375,5
CIC2017,BRCG,0.9468969332653664,0.9416214604152306,NaN,0.9502,NaN,0.9454023216352939,NaN,NaN,NaN,0.9416214604152306,1.0,122.22,310.59,6
CIC2017,RIPPER,0.9975490066573047,0.9954217539022703,NaN,0.99755,NaN,0.9954269017903867,NaN,NaN,NaN,0.9954217539022703,22.0,18.39,641.09,6
CIC2017,CMR,0.9986494526479024,0.9970586659943548,92.06,1.0,91.7,0.9931646324855057,2.67,8.3,0.9363201411708556,0.9922257305747745,13335.0,29.655674934387207,182.7421875,6
CIC2017,BRCG,0.9405052135711476,0.9401185609307676,NaN,0.94475,NaN,0.9445261580424682,NaN,NaN,NaN,0.9401185609307676,1.0,85.37,544.17,7
CIC2017,RIPPER,0.9974489410818375,0.9964598745568918,NaN,0.99745,NaN,0.9964636292995449,NaN,NaN,NaN,0.9964598745568918,29.0,25.28,809.75,7
CIC2017,CMR,0.9986494393962668,0.9976038711763499,93.64,1.0,93.24,0.9932989920850722,2.63,6.76,0.9461158103303506,0.9923968324008768,13472.0,28.734018325805664,186.92578125,7
CIC2017,BRCG,0.941467092927247,0.9394450295641361,NaN,0.94555,NaN,0.943955264117731,NaN,NaN,NaN,0.9394450295641361,1.0,86.59,801.96,8
CIC2017,RIPPER,0.9977987196071908,0.9964712722527777,NaN,0.9978,NaN,0.9964735406524049,NaN,NaN,NaN,0.9964712722527777,27.0,22.47,665.49,8
CIC2017,CMR,0.9989995345816289,0.9977320789623558,93.31,1.0,92.78,0.9937910228360454,2.52,7.22,0.9370142249641426,0.9928045570384106,13245.0,29.746540784835815,178.14453125,8
CIC2017,BRCG,0.9446801304839538,0.9414842265487754,NaN,0.9483,NaN,0.9452556336129656,NaN,NaN,NaN,0.9414842265487754,1.0,92.57,191.37,9
CIC2017,RIPPER,0.9969473531690375,0.9955187506152808,NaN,0.99695,NaN,0.995524033048415,NaN,NaN,NaN,0.9955187506152808,20.0,22.77,353.39,9
CIC2017,CMR,0.9984490143416916,0.9971600701331306,93.06,1.0,92.62,0.9927341912480712,2.83,7.38,0.9399589363369637,0.9915915072315582,13410.0,38.53212571144104,184.93359375,9
CIC2017,BRCG,0.9490922381723758,0.9417691616276159,NaN,0.95225,NaN,0.9455172933284701,NaN,NaN,NaN,0.9417691616276159,1.0,125.45,24.05,10
CIC2017,RIPPER,0.9971436012606951,0.9960786382291029,NaN,0.99715,NaN,0.9960889801614361,NaN,NaN,NaN,0.9960786382291029,17.0,26.73,456.92,10
CIC2017,CMR,0.9986995295570772,0.9975572976154101,93.36,1.0,92.45,0.9926114764397008,2.75,7.55,0.9386811771214739,0.9918717664942752,13144.0,29.91029667854309,187.51953125,10
