Dataset,Méthode,F1_train,F1_test,Train_Coverage,Train_Exactitude,Test_Coverage,Test_Exactitude,Conflit,Non_couverts,F1_rmaj,F1_rr,Complexité,Temps,RAM_MB
BIG15,BRCG,0.9817893998199688,0.9753953519015,NaN,0.9817361934858789,NaN,0.9754074610648316,NaN,NaN,NaN,0.9753953519015,1.0,327.25899999999996,2563.178
BIG15,RIPPER,0.9840668324438049,0.9839535431170301,NaN,0.9840316198375545,NaN,0.9839152480985149,NaN,NaN,NaN,0.9839535431170301,25.4,195.692,466.77
BIG15,CMR,0.9948493763914609,0.9937737319417165,95.15,1.0,94.21000000000001,0.9873135475934184,1.0399999999999998,5.79,0.9488136594027099,0.9848338945454648,29297.0,30.364448809623717,140.7203125
DoH20,BRCG,0.9605015273941161,0.46151983156350795,NaN,0.964769597260478,NaN,0.3600208438017606,NaN,NaN,NaN,0.46151983156350795,1.0,3766.0060000000003,7686.42
DoH20,RIPPER,0.9546411565173513,0.9544342698267613,NaN,0.9486153502568302,NaN,0.948283177935347,NaN,NaN,NaN,0.9544342698267613,49.2,791.171,925.5110000000001
DoH20,CMR,1.0,0.9999813906005931,100.0,1.0,100.0,1.0,1.3700000000000003,0.0,1.0,0.9999813906005931,65744.0,150.57822222709655,622.8796875
KDD99,BRCG,0.9732662755280135,0.9733765237656085,NaN,0.9733403166535014,NaN,0.9734519352955319,NaN,NaN,NaN,0.9733765237656085,1.0,165.93800000000002,1364.8790000000001
KDD99,RIPPER,0.9987626390955491,0.998351395135737,NaN,0.9987627502833396,NaN,0.9983514785177044,NaN,NaN,NaN,0.998351395135737,44.6,136.523,371.31100000000004
KDD99,CMR,0.9995535072512072,0.9991413372213505,69.74,1.0,69.5,0.9975785728404822,0.12999999999999998,30.5,0.6893420986872211,0.9977327035115418,5874.0,6.863783955574036,80.321484375
UNSW-NB15,BRCG,0.8160466781001257,0.7671332513822439,NaN,0.8160496526259534,NaN,0.7722152833621345,NaN,NaN,NaN,0.7671332513822439,1.0,351.264,2605.965
UNSW-NB15,RIPPER,0.919536499557324,0.805781919558638,NaN,0.9193679249866396,NaN,0.7996121842581028,NaN,NaN,NaN,0.805781919558638,41.1,228.27000000000004,285.799
UNSW-NB15,CMR,0.9745308112859334,0.8248812911150406,66.59,1.0,99.72,0.921123071115636,52.279999999999994,0.2800000000000001,0.9181346102080777,0.9180219728575578,9298.0,22.227726554870607,134.190234375
