Dataset;Méthode;F1_train;F1_test;Train_Coverage;Train_Exactitude;Test_Coverage;Test_Exactitude;Conflit;Non_couverts;F1_rmaj;F1_rr;Nb_règles;Nb_conditions;Complexité;Temps_Test (s);TEST_RAM_MB;TE (s);TG (s);TT (s);RAM_TE_MB;RAM_TG_MB;RAM_TT_MB;Coverage_total;Fidelity_covered
BIG15;BRCG;0.9817893998199688;0.9820196605288698;NaN;0.9817361934858789;NaN;0.9819630568634553;NaN;NaN;NaN;NaN;3.0;3.0;1.0;15.544999999999998;228.71599999999998;288.30823999999996;0.06412999999999999;288.37235999999996;2499.5812400000004;0.01641;2499.5976499999992;100.0;97.91742122419414
BIG15;CMR;1.0;0.9873586244993803;95.15;1.0;94.21000000000001;0.9873135475934184;1.0399999999999998;5.79;0.9488136594027099;NaN;29297.0;29297.0;1.0;5.191000000000001;1.5930000000000002;0.060430000000000005;12.01162;12.072059999999999;0.039459999999999995;56.183989999999994;56.223440000000004;94.2122419413256;98.82361986775334
BIG15;RIPPER;0.9871818417971184;0.987234386101672;NaN;0.9871791156949209;NaN;0.9872292647591452;NaN;NaN;NaN;NaN;43.2;150.3;3.4815665843781347;1.918;17.509999999999998;152.24712999999997;0.06297;152.31009;485.33281;0.02383;485.35663999999997;100.0;99.11553784860557
DoH20;BRCG;0.9605015273941161;0.9616457279667999;NaN;0.964769597260478;NaN;0.9657752219306571;NaN;NaN;NaN;NaN;2.0;2.0;1.0;19.064999999999998;391.78499999999997;3401.06145;0.09077;3401.1522000000004;8285.621869999999;2.3413999999999997;8287.96328;100.0;36.003945433904676
DoH20;CMR;1.0;1.0;100.0;1.0;100.0;1.0;1.3700000000000003;0.0;1.0;NaN;65744.0;65744.0;1.0;12.453;16.496;0.06712;102.02432999999999;102.09146;0.04255000000000001;177.95001;177.99256;99.99813894627138;100.0
DoH20;RIPPER;0.954050295536863;0.9536443556577503;NaN;0.9479286086503388;NaN;0.9473582342322222;NaN;NaN;NaN;NaN;49.4;175.9;3.5607023809523817;2.4910000000000005;30.359999999999996;661.43065;0.06252;661.4931399999999;753.3523400000001;0.059770000000000004;753.4121100000001;100.0;94.73768447695085
KDD99;BRCG;0.9732662755280135;0.9736209402457628;NaN;0.9733403166535014;NaN;0.9736923446783667;NaN;NaN;NaN;NaN;5.0;5.0;1.0;4.661;118.965;153.14146;0.06418;153.20566000000002;1445.76289;0.0;1445.76289;100.0;97.36923446783666
KDD99;CMR;1.0;0.9975752499109909;69.74;1.0;69.5;0.9975785728404822;0.12999999999999998;30.5;0.6893420986872211;NaN;5874.0;5874.0;1.0;1.178;0.5569999999999999;0.06282;1.8297599999999998;1.8925900000000002;0.07459;23.90352;23.97812;69.49891815777724;99.75785728404823
KDD99;RIPPER;0.9985745408087542;0.9980353296779265;NaN;0.9985747158017654;NaN;0.9980355119002645;NaN;NaN;NaN;NaN;46.5;191.1;4.109751235666526;1.426;13.107;116.74883;0.06206999999999999;116.81089;379.73359;0.04102;379.77461000000005;100.0;99.83720850362332
UNSW-NB15;BRCG;0.817442550519089;0.6503120412535577;NaN;0.8179201282611863;NaN;0.6897873286909508;NaN;NaN;NaN;NaN;3.0;3.0;1.0;60.484;1322.045;249.15255000000002;0.06266;249.21521;2291.81406;0.01797;2291.83203;100.0;70.5642148727337
UNSW-NB15;CMR;1.0;0.9179092237258681;66.59;1.0;99.72;0.921123071115636;52.279999999999994;0.2800000000000001;0.9181346102080777;NaN;9298.0;9298.0;1.0;2.7399999999999998;4.161;0.06408;13.426680000000001;13.49078;0.046119999999999994;28.86017;28.906239999999997;99.71541168351953;78.24264192814084
UNSW-NB15;RIPPER;0.9176292871137202;0.746206072142169;NaN;0.9174549385415147;NaN;0.7391711008834214;NaN;NaN;NaN;NaN;42.8;218.8;5.11174151020035;7.752;88.607;193.42234000000002;0.0653;193.48763000000002;250.53203;0.013669999999999998;250.54569999999998;100.0;75.5953256796756
