Dataset,Method,Test Accuracy (μ ± σ),Test Coverage (μ ± σ),Hybrid F1 (μ ± σ)
KDD99,CMR,0.994 ± 0.002,94.579 ± 1.722,0.994 ± 0.001
KDD99,RIPPER,0.997 ± 0.000,NA,0.997 ± 0.000
KDD99,BRCG,0.986 ± 0.001,NA,0.986 ± 0.002
BIG15,CMR,0.976 ± 0.001,95.246 ± 0.198,0.975 ± 0.001
BIG15,RIPPER,0.986 ± 0.001,NA,0.986 ± 0.001
BIG15,BRCG,0.963 ± 0.012,NA,0.963 ± 0.013
DoH20,CMR,1.000 ± 0.000,99.992 ± 0.004,1.000 ± 0.000
DoH20,RIPPER,0.983 ± 0.004,NA,0.983 ± 0.003
DoH20,BRCG,0.325 ± 0.040,NA,0.415 ± 0.048
UNSW-NB15,CMR,0.904 ± 0.026,98.296 ± 4.589,0.899 ± 0.031
UNSW-NB15,RIPPER,0.733 ± 0.022,NA,0.741 ± 0.022
UNSW-NB15,BRCG,0.725 ± 0.139,NA,0.719 ± 0.161
CIC2017,CMR,0.993 ± 0.000,92.240 ± 0.636,0.992 ± 0.000
CIC2017,RIPPER,0.996 ± 0.001,NA,0.996 ± 0.001
CIC2017,BRCG,0.945 ± 0.001,NA,0.941 ± 0.001
