Dataset,Méthode,F1_train,F1_test,Train_Coverage,Train_Exactitude,Test_Coverage,Test_Exactitude,Conflit,Non_couverts,F1_rmaj,F1_rr,Nb_règles,Nb_conditions,Complexité,Temps,RAM_MB,Coverage_total,Fidelity_covered
BIG15,BRCG,0.9817893998199688,0.9820196605288699,NaN,0.9817361934858788,NaN,0.9819630568634553,NaN,NaN,NaN,NaN,3.0,3.0,1.0,17.39,205.87,100.0,97.91742122419413
BIG15,CMR,0.996895445484639,0.9878118354351219,96.48,0.9968936230115902,95.71,0.9877767265846736,1.33,4.29,0.9600757995439746,NaN,29869.0,29869.0,1.0,6.08,3.71,95.708076783774,98.96310312204352
BIG15,RIPPER,0.9865507293816234,0.9867244214071939,NaN,0.9865353097240961,NaN,0.9867077145961608,NaN,NaN,NaN,NaN,37.0,129.0,3.4864864864864864,2.78,17.18,100.0,99.06917783411807
DoH20,BRCG,0.960501527394116,0.9616457279667998,NaN,0.964769597260478,NaN,0.9657752219306571,NaN,NaN,NaN,NaN,2.0,2.0,1.0,20.67,322.68,100.0,36.003945433904676
DoH20,CMR,1.0,1.0,100.0,1.0,100.0,1.0,1.37,0.0,1.0,NaN,65744.0,65744.0,1.0,12.28,5.71,99.99813894627138,100.0
DoH20,RIPPER,0.9533320737262632,0.9546382275290111,NaN,0.9470752996352266,NaN,0.9486163065527702,NaN,NaN,NaN,NaN,49.0,173.0,3.5306122448979593,2.74,18.29,100.0,94.86349170900564
KDD99,BRCG,0.9732662755280135,0.9736209402457628,NaN,0.9733403166535014,NaN,0.9736923446783666,NaN,NaN,NaN,NaN,5.0,5.0,1.0,5.58,142.84,100.0,97.36923446783666
KDD99,CMR,0.999791796188416,0.9974394848047373,70.12,0.9997918248389704,69.85,0.9974430840340267,0.14,30.15,0.6910287160569124,NaN,5895.0,5895.0,1.0,1.13,1.04,69.84579455301026,99.75414269557949
KDD99,RIPPER,0.9986088949154521,0.9981453578559505,NaN,0.9986090599993132,NaN,0.9981454133324175,NaN,NaN,NaN,NaN,46.0,195.0,4.239130434782608,1.36,13.78,100.0,99.83171343201566
UNSW-NB15,BRCG,0.8174425505190889,0.6503120412535577,NaN,0.8179201282611864,NaN,0.6897873286909508,NaN,NaN,NaN,NaN,3.0,3.0,1.0,69.96,1320.16,100.0,70.5642148727337
UNSW-NB15,CMR,0.9961542840318285,0.9179035755054257,67.58,0.9961540535197599,99.72,0.9211173516660757,52.3,0.28,0.9181289780200362,NaN,9528.0,9528.0,1.0,3.02,2.71,99.71541168351953,78.24321387309685
UNSW-NB15,RIPPER,0.9194441001218269,0.729285185061018,NaN,0.9192537530972161,NaN,0.7225406493632408,NaN,NaN,NaN,NaN,46.0,233.0,5.065217391304348,8.76,89.39,100.0,74.773726624121
