Dataset,Methode,F1_train,F1_test,Train_Coverage,Train_Exactitude,Test_Coverage,Test_Exactitude,Conflit,Non_couverts,F1_rmaj,F1_rr,Complexite,Temps,RAM_MB
BIG15,BRCG,0.983050454018132,0.9626128598267314,NaN,0.98303,NaN,0.9630604853314017,NaN,NaN,NaN,0.9626128598267314,1.0,121.18800000000002,354.129
BIG15,RIPPER,0.9916447859486537,0.9859576115284329,NaN,0.9916400000000001,NaN,0.985954364360739,NaN,NaN,NaN,0.9859576115284329,47.2,27.945000000000004,323.675
BIG15,CMR,0.9977404871776712,0.9922781923741717,95.3,1.0,95.24600000000001,0.9761850594807073,2.3579999999999997,4.7540000000000004,0.947112900389385,0.9750712920264206,7835.4,7.199263405799866,32.326953125
CIC2017,BRCG,0.9441231942921032,0.9409851397765264,NaN,0.947805,NaN,0.9449446153602181,NaN,NaN,NaN,0.9409851397765264,1.0,102.204,534.306
CIC2017,RIPPER,0.9972072870860448,0.9958785406619409,NaN,0.9972099999999999,NaN,0.9958834187031194,NaN,NaN,NaN,0.9958785406619409,24.2,22.958000000000002,649.472
CIC2017,CMR,0.9987596524265546,0.9975079278647481,92.695,1.0,92.24000000000001,0.9929967054496076,2.682,7.76,0.9385305827060224,0.9921771941512413,13346.5,28.926460313796998,198.330078125
DoH20,BRCG,0.95991393402764,0.41452107626555196,NaN,0.9643899999999999,NaN,0.3249976736828392,NaN,NaN,NaN,0.41452107626555196,1.0,152.616,353.812
DoH20,RIPPER,0.9874966843303952,0.983249719149776,NaN,0.9871849999999999,NaN,0.982757337204325,NaN,NaN,NaN,0.983249719149776,47.1,24.693999999999996,340.716
DoH20,CMR,1.0,0.9997133001895955,99.99300000000001,1.0,99.992,0.9999162468669454,1.373,0.007999999999999998,0.9999143637370504,0.9999050613182872,5180.0,13.055930876731873,20.011328125
KDD99,BRCG,0.9900023557769841,0.9860313834443287,NaN,0.99002,NaN,0.9860562557955834,NaN,NaN,NaN,0.9860313834443287,1.0,82.765,306.034
KDD99,RIPPER,0.9982349676950024,0.9969023730445625,NaN,0.998235,NaN,0.9969021533811862,NaN,NaN,NaN,0.9969023730445625,24.0,11.030999999999999,292.774
KDD99,CMR,0.9997499881353255,0.9985367695171543,94.747,1.0,94.57900000000001,0.9943842422564687,1.1960000000000002,5.421,0.9657402289744557,0.9940971002998275,1974.7,2.1619293212890627,17.92421875
UNSW-NB15,BRCG,0.9062915191426686,0.7193839618194471,NaN,0.9061499999999999,NaN,0.724674206260943,NaN,NaN,NaN,0.7193839618194471,1.0,120.88900000000001,565.654
UNSW-NB15,RIPPER,0.9309723382411624,0.7405598520543052,NaN,0.930815,NaN,0.7330550185067953,NaN,NaN,NaN,0.7405598520543052,39.0,40.783,540.8149999999998
UNSW-NB15,CMR,0.9756074658090326,0.8239776697398611,67.04100000000003,1.0,98.296,0.904102204111982,31.038999999999998,1.704,0.9006111833706706,0.8988827620653206,2456.8,6.78113362789154,67.33359375
